use Comedor
GO

------------------------LLENANDO LA TABLA PERSONA---------------------------
--select * from Persona
 insert into Persona(Nombre,[Apellidos]) --PADRE
 values('Joel','Hernandez Parra')
 insert into Persona(Nombre,[Apellidos]) --PADRE
 values('Magdalena','Beltrán Soza')
 insert into Persona(Nombre,[Apellidos]) --PADRE
 values('Juan','Felix Manjarrez')
 insert into Persona(Nombre,[Apellidos]) --PADRE
 values('Josue','Lazcano Villa Real')
 insert into Persona(Nombre,[Apellidos]) --PADRE
 values('Cristina','Benitez Roman')
 insert into Persona(Nombre,[Apellidos]) --PADRE
 values('Luis','Quevedo Hernandez')
 insert into Persona(Nombre,[Apellidos]) --PADRE
 values('Sergio','Noriega Calderon')
 insert into Persona(Nombre,[Apellidos]) --PADRE
 values('Alejandra','Valenzuela Pérez')
 insert into Persona(Nombre,[Apellidos]) --PADRE
 values('Jesús','Trujillo García')
 insert into Persona(Nombre,[Apellidos]) --PADRE
 values('Zulema','Escobar Osuna')
 insert into Persona(Nombre,[Apellidos]) --PADRE
 values('Carolina','Peralta Carrillo')
 insert into Persona(Nombre,[Apellidos]) --PADRE
 values ('Flor','Lopez Martinez')
 insert into Persona(Nombre,[Apellidos]) --PADRE
 values ('Cesar','Machado Gomez')
 insert into Persona(Nombre,[Apellidos]) --PADRE
 values ('Pricila','Machado Zalazar')
 insert into Persona(Nombre,[Apellidos]) --PADRE
 values ('Mikaela','Zambrano Fonseca')
 insert into Persona(Nombre,[Apellidos]) --PADRE
 values ('Julisa','Gomez Fonseca')
 insert into Persona(Nombre,[Apellidos]) --PADRE
 values ('Oliver','Zalazar Gomez')
 insert into Persona(Nombre,[Apellidos]) --PADRE
 values ('Cesar','Zambrano Zalazar')
 insert into Persona(Nombre,[Apellidos]) --PADRE
 values ('Fransisco','Perez Bellavia')
 insert into Persona(Nombre,[Apellidos]) --PADRE
 values ('Victoria','Ayala Molina')
 insert into Persona(Nombre,[Apellidos]) --PADRE
 values ('Mikaela','Zalazar Ayala')
 insert into Persona(Nombre,[Apellidos]) --PADRE
 values ('Flor','Zambrano Ayala')
 insert into Persona(Nombre,[Apellidos]) --PADRE
 values ('Sol','Gomez Machado')
 insert into Persona(Nombre,[Apellidos]) --PADRE
 values ('Daniel','Nolasco Fonseca')
 insert into Persona(Nombre,[Apellidos]) --PADRE
 values ('Victoria','Machado Perez')
 insert into Persona(Nombre,[Apellidos]) --PADRE
 values ('Flor','Nolasco Perez')
 insert into Persona(Nombre,[Apellidos]) --PADRE
 values ('Paola','Gomez Zambrano')
 insert into Persona(Nombre,[Apellidos]) --PADRE
 values ('Victoria','Martinez Zambrano')
 insert into Persona(Nombre,[Apellidos]) --PADRE
 values ('Oscar','Bellavia Zambrano')
 insert into Persona(Nombre,[Apellidos]) --PADRE
 values ('Oliver','Lopez Gomez')
 insert into Persona(Nombre,[Apellidos]) --PADRE
 values ('Javier','Zambrano Zalazar')
 insert into Persona(Nombre,[Apellidos]) --PADRE
 values ('Florencia','Bellavia Lopez')
 insert into Persona(Nombre,[Apellidos]) --PADRE
 values ('Carmen','Zambrano Molina')
 insert into Persona(Nombre,[Apellidos]) --PADRE
 values ('Juan','Martinez Fonseca')
 insert into Persona(Nombre,[Apellidos]) --PADRE
 values ('Omar','Bellavia Zalazar')
 insert into Persona(Nombre,[Apellidos]) --PADRE
 values ('Valentin','Zalazar Perez')
 insert into Persona(Nombre,[Apellidos]) --PADRE
 values ('Fernando','Bellavia Zambrano')
 insert into Persona(Nombre,[Apellidos]) --PADRE
 values ('Pricila','Molina Martinez')
 insert into Persona(Nombre,[Apellidos]) --PADRE
 values ('Andres','Gomez Nolasco')
 insert into Persona(Nombre,[Apellidos]) --PADRE
 values ('Julian','Ayala Machado')
 insert into Persona(Nombre,[Apellidos]) --PADRE
 values ('Osmar','Zalazar Gomez')
 insert into Persona(Nombre,[Apellidos]) --PADRE
 values ('Fransis','Zalazar Ayala')
 insert into Persona(Nombre,[Apellidos]) --PADRE
 values ('Cesar','Machado Ayala')
 insert into Persona(Nombre,[Apellidos]) --PADRE
 values ('Laura','Ayala Zambrano')
 insert into Persona(Nombre,[Apellidos]) --PADRE
 values ('Victor','Perez Nolasco')
 insert into Persona(Nombre,[Apellidos]) --PADRE
 values ('Mariel','Lopez Ayala')
 insert into Persona(Nombre,[Apellidos]) --PADRE
 values ('Brianda','Ayala Machado')
 insert into Persona(Nombre,[Apellidos]) --PADRE
 values ('Marco','Bellavia Nolasco')
 insert into Persona(Nombre,[Apellidos]) --PADRE
 values ('Ariana','Bellavia Gomez')
 insert into Persona(Nombre,[Apellidos]) --PADRE
 values ('Luz','Ayala Machado')
 insert into Persona(Nombre,[Apellidos]) --PADRE
 values ('David','Ayala Bellavia')
 insert into Persona(Nombre,[Apellidos]) --PADRE
 values ('Manuel','Machado Zambrano')
 insert into Persona(Nombre,[Apellidos]) --PADRE
 values ('Poncho','Ayala Bellavia')
 insert into Persona(Nombre,[Apellidos]) --PADRE
 values ('Mikaela','Martinez Bellavia')
 insert into Persona(Nombre,[Apellidos]) --PADRE
 values ('Paola','Zambrano Ayala')
 insert into Persona(Nombre,[Apellidos]) --PADRE
 values ('Perla','Molina Ayala')
 insert into Persona(Nombre,[Apellidos]) --PADRE
 values ('Michel','Lopez Molina')
 insert into Persona(Nombre,[Apellidos]) --PADRE
 values ('Julieta','Machado Zalazar')
 insert into Persona(Nombre,[Apellidos]) --PADRE
 values ('Jasiel','Nolasco Molina')
 insert into Persona(Nombre,[Apellidos]) --PADRE
 values ('Jennifer','Gomez Lopez')
 insert into Persona(Nombre,[Apellidos]) --PADRE
 values ('Ana','Gomez Ayala')
 insert into Persona(Nombre,[Apellidos]) --PADRE
 values ('Oscar','Zambrano Zalazar')
 insert into Persona(Nombre,[Apellidos]) --PADRE
 values ('Andres','Molina Gomez')
 insert into Persona(Nombre,[Apellidos]) --PADRE
 values ('Carlo','Fonseca Gomez')
 insert into Persona(Nombre,[Apellidos]) --PADRE
 values ('Kelly','Zambrano Ayala')
 insert into Persona(Nombre,[Apellidos]) --PADRE
 values ('Olivia','Ayala Molina')
 insert into Persona(Nombre,[Apellidos]) --PADRE
 values ('Mari','Lopez Martinez')
 insert into Persona(Nombre,[Apellidos]) --PADRE
 values ('Fransisca','Ayala Fonseca')
 insert into Persona(Nombre,[Apellidos]) --PADRE
 values ('Anael','Molina Perez')
 insert into Persona(Nombre,[Apellidos]) --PADRE
 values ('Mario','Molina Bellavia')
 insert into Persona(Nombre,[Apellidos]) --PADRE
 values ('Andrea','Molina Perez')
 insert into Persona(Nombre,[Apellidos]) --PADRE
 values ('Victoria','Perez Nolasco')
 insert into Persona(Nombre,[Apellidos]) --PADRE
 values ('Rene','Ayala Zambrano')
 insert into Persona(Nombre,[Apellidos]) --PADRE
 values ('Flor','Gomez Martinez')
 insert into Persona(Nombre,[Apellidos]) --PADRE
 values ('Jesus','Ayala Lopez')
 insert into Persona(Nombre,[Apellidos]) --PADRE
 values ('Mili','Ayala Molina')
 insert into Persona(Nombre,[Apellidos]) --PADRE
 values ('Esme','Perez Zalazar')
 insert into Persona(Nombre,[Apellidos]) --PADRE
 values ('Flor','Ayala Machado')
 insert into Persona(Nombre,[Apellidos]) --PADRE
 values ('Andres','Perez Martinez')
 insert into Persona(Nombre,[Apellidos]) --PADRE
 values ('Mario','Lopez Molina')
 insert into Persona(Nombre,[Apellidos]) --PADRE
 values ('Mikaela','Gomez Martinez')
 insert into Persona(Nombre,[Apellidos]) --PADRE
 values ('Barbara','Perez Lopez')
 insert into Persona(Nombre,[Apellidos]) --PADRE
 values ('Victoria','Bellavia Fonseca')
 insert into Persona(Nombre,[Apellidos]) --PADRE
 values ('Paola','Zalazar Fonseca')
 insert into Persona(Nombre,[Apellidos]) --PADRE
 values ('Barbara','Gomez Bellavia')
 insert into Persona(Nombre,[Apellidos]) --PADRE
 values ('Julisa','Zambrano Martinez')
 insert into Persona(Nombre,[Apellidos]) --PADRE
 values ('Mario','Molina Bellavia')
 insert into Persona(Nombre,[Apellidos]) --PADRE
 values ('Mikaela','Nolasco Molina')
 insert into Persona(Nombre,[Apellidos]) --PADRE
 values ('Oliver','Zalazar Molina')
 insert into Persona(Nombre,[Apellidos]) --PADRE
 values ('Barbara','Ayala Martinez')
 insert into Persona(Nombre,[Apellidos]) --PADRE
 values ('Mario','Martinez Fonseca')
 insert into Persona(Nombre,[Apellidos]) --PADRE
 values ('Julisa','Zalazar Ayala')
 insert into Persona(Nombre,[Apellidos]) --PADRE
 values ('Sol','Perez Lopez')
 insert into Persona(Nombre,[Apellidos]) --PADRE
 values ('Flor','Perez Fonseca')
 insert into Persona(Nombre,[Apellidos]) --PADRE
 values ('Oliver','Martinez Ayala')
 insert into Persona(Nombre,[Apellidos]) --PADRE
 values ('Pricila','Fonseca Ayala')
 insert into Persona(Nombre,[Apellidos]) --PADRE
 values ('Julisa','Gomez Machado')
 insert into Persona(Nombre,[Apellidos]) --PADRE
 values ('Paola','Machado Perez')
 insert into Persona(Nombre,[Apellidos]) --PADRE
 values ('Cesar','Molina Perez')
 insert into Persona(Nombre,[Apellidos]) --PADRE
 values ('Mikaela','Molina Perez')

 insert into Persona(Nombre,[Apellidos]) --HIJO
 values('Elisa','Hernandez Quintero')
 insert into Persona(Nombre,[Apellidos]) --HIJO
 values('Brian','Quintero Beltrán')
 insert into Persona(Nombre,[Apellidos]) --HIJO
 values('Alejandra','Felix Peralta')
 insert into Persona(Nombre,[Apellidos]) --HIJO
 values('Raul','Lazcano Hernandez')
 insert into Persona(Nombre,[Apellidos]) --HIJO
 values('Carolina','Lozano Benitez')
 insert into Persona(Nombre,[Apellidos]) --HIJO
 values('Manuel','Quevedo Soza') 
 insert into Persona(Nombre,[Apellidos]) --HIJO
 values('Romina','Noriega Ortiz')
 insert into Persona(Nombre,[Apellidos]) --HIJO
 values('Enrique','Felix Valenzuela')
 insert into Persona(Nombre,[Apellidos]) --HIJO
 values('Fernanda','Trujillo Zamora')
 insert into Persona(Nombre,[Apellidos]) --HIJO
 values('Daniel','Benitez Escobar')
 insert into Persona(Nombre,[Apellidos]) --HIJO
 values('Sofia','Reyes Carillo')
 insert into Persona(Nombre,[Apellidos]) --HIJO
 values('Iván','Medina Lopez')
 insert into Persona(Nombre,[Apellidos]) --HIJO
 values('Gabriela','Machado Valenzuela')
 insert into Persona(Nombre,[Apellidos]) --HIJO
 values('Gerardo','Trujillo Machado')
 insert into Persona(Nombre,[Apellidos]) --HIJO
 values('Bianca','Lastra Zambranos')
 insert into Persona(Nombre,[Apellidos]) --HIJO
 values('George','Escobar Gomez')
 insert into Persona(Nombre,[Apellidos]) --HIJO
 values('Karla','Zalazar Escobar')
 insert into Persona(Nombre,[Apellidos]) --HIJO
 values('Luis','Zambrano Reyes')
 insert into Persona(Nombre,[Apellidos]) --HIJO
 values('Monica','Perez Vazquez')
 insert into Persona(Nombre,[Apellidos]) --HIJO
 values('Ulises','Hernandez Ayala')
 insert into Persona(Nombre,[Apellidos]) --HIJO
 values('Alika','Armienta Zalazar')
 insert into Persona(Nombre,[Apellidos]) --HIJO
 values('Lorenzo','Benitez Zambrano')
 insert into Persona(Nombre,[Apellidos]) --HIJO
 values('Dania','Zalazar Gomez')
 insert into Persona(Nombre,[Apellidos]) --HIJO
 values('Ever','Nolasco Gamez')
 insert into Persona(Nombre,[Apellidos]) --HIJO
 values('Lucia','Lopez Machado')
 insert into Persona(Nombre,[Apellidos]) --HIJO
 values('Lucas','Casas Nolasco')
 insert into Persona(Nombre,[Apellidos]) --HIJO
 values('Lucia','Beltrán Gomez')
 insert into Persona(Nombre,[Apellidos]) --HIJO
 values('Javier','Martinez Martinez')
 insert into Persona(Nombre,[Apellidos]) --HIJO
 values('Maya','Bellavia Perez')
 insert into Persona(Nombre,[Apellidos]) --HIJO
 values('Daniel','Lopez Perez')
 insert into Persona(Nombre,[Apellidos]) --HIJO
 values('Carolina','Zambrano Quintero')
 insert into Persona(Nombre,[Apellidos]) --HIJO
 values('Oswualdo','Zafaroni Bellavia')
 insert into Persona(Nombre,[Apellidos]) --HIJO
 values('Adela','Villa Zambrano')
 insert into Persona(Nombre,[Apellidos]) --HIJO
 values('Roel','Martinez Molina')
 insert into Persona(Nombre,[Apellidos]) --HIJO
 values('Deniss','Bellavia Noriega')
 insert into Persona(Nombre,[Apellidos]) --HIJO
 values('Ruben','Zalazar Felix')
 insert into Persona(Nombre,[Apellidos]) --HIJO
 values('Marylin','Bellavia Ortega')
 insert into Persona(Nombre,[Apellidos]) --HIJO
 values('Pedro','Valenzuela Molina')
 insert into Persona(Nombre,[Apellidos]) --HIJO
 values('Leslie','Gomez Parra')
 insert into Persona(Nombre,[Apellidos]) --HIJO
 values('Delfino','Grande Ayala')
 insert into Persona(Nombre,[Apellidos]) --HIJO
 values('Natalia','Zalazar Rivera')
 insert into Persona(Nombre,[Apellidos]) --HIJO
 values('Josue','Zalazar Reinoza')
 insert into Persona(Nombre,[Apellidos]) --HIJO
 values('Karla','Machado Soza')
 insert into Persona(Nombre,[Apellidos]) --HIJO
 values('Omar','Rivera Ayala')
 insert into Persona(Nombre,[Apellidos]) --HIJO
 values('Victoria','Perez Ramirez')
 insert into Persona(Nombre,[Apellidos]) --HIJO
 values('Alejandro','Lopez Lopez')
 insert into Persona(Nombre,[Apellidos]) --HIJO
 values('Jazmin','Peralta Ayala')
 insert into Persona(Nombre,[Apellidos]) --HIJO
 values('Federico','Bellavia Martinez')
 insert into Persona(Nombre,[Apellidos]) --HIJO
 values('Fransica','Noriega Bellavilla')
 insert into Persona(Nombre,[Apellidos]) --HIJO
 values('Sinuhe','Molina Ayala')
 insert into Persona(Nombre,[Apellidos]) --HIJO
 values('Luisa','Ayala Lopez')
 insert into Persona(Nombre,[Apellidos]) --HIJO
 values('Hector','Machado Molina')
 insert into Persona(Nombre,[Apellidos]) --HIJO
 values('Anael','Ayala Valdez')
 insert into Persona(Nombre,[Apellidos]) --HIJO
 values('Roberto','Inzunza Martinez')
 insert into Persona(Nombre,[Apellidos]) --HIJO
 values('Kathe','Valenzula Zambrano')
 insert into Persona(Nombre,[Apellidos]) --HIJO
 values('Alan','Osuna Molina')
 insert into Persona(Nombre,[Apellidos]) --HIJO
 values('Romina','Torres Lopez')
 insert into Persona(Nombre,[Apellidos]) --HIJO
 values('Kevin','Ortiz Machado')
 insert into Persona(Nombre,[Apellidos]) --HIJO
 values('Andrea','Nolasco Pacual')
 insert into Persona(Nombre,[Apellidos]) --HIJO
 values('Uriel','Pascual Gomez')
 insert into Persona(Nombre,[Apellidos]) --HIJO
 values('Jimena','Gomez Gomez')
 insert into Persona(Nombre,[Apellidos]) --HIJO
 values('Rafael','Zambrano Camuya')
 insert into Persona(Nombre,[Apellidos]) --HIJO
 values('Laurla','Molina Verdiales')
 insert into Persona(Nombre,[Apellidos]) --HIJO
 values('Angel','Fonseca Benitez')
 insert into Persona(Nombre,[Apellidos]) --HIJO
 values('Martina','Benites Zambrano')
 insert into Persona(Nombre,[Apellidos]) --HIJO
 values('Joel','Cordoba Ayala')
 insert into Persona(Nombre,[Apellidos]) --HIJO
 values('Irlanda','Angulo Lopez')
 insert into Persona(Nombre,[Apellidos]) --HIJO
 values('Brandon','Buelna Ayala')
 insert into Persona(Nombre,[Apellidos]) --HIJO
 values('Esther','Paz Molina')
 insert into Persona(Nombre,[Apellidos]) --HIJO
 values('Damian','Molina Vaez')
 insert into Persona(Nombre,[Apellidos]) --HIJO
 values('Jessica','Ortega Molina')
 insert into Persona(Nombre,[Apellidos]) --HIJO
 values('Jasiel','Rios Perez')
 insert into Persona(Nombre,[Apellidos]) --HIJO
 values('Saiyed','Ayala Domingues')
 insert into Persona(Nombre,[Apellidos]) --HIJO
 values('Guadalupe','Nevarez Gomez')
 insert into Persona(Nombre,[Apellidos]) --HIJO
 values('Akire','Ayala Nevarez')
 insert into Persona(Nombre,[Apellidos]) --HIJO
 values('Baltazar','Peralta Ayala')
 insert into Persona(Nombre,[Apellidos]) --HIJO
 values('Heidi','Soza Perez')
 insert into Persona(Nombre,[Apellidos]) --HIJO
 values('Gabriel','Anaya Ayala')
 insert into Persona(Nombre,[Apellidos]) --HIJO
 values('Lupita','Perez Santirani')
 insert into Persona(Nombre,[Apellidos]) --HIJO
 values('Adrian','Lopez Netoy')
 insert into Persona(Nombre,[Apellidos]) --HIJO
 values('Marisela','Rios Gomez')
 insert into Persona(Nombre,[Apellidos]) --HIJO
 values('Martin','Regil Perez')
 insert into Persona(Nombre,[Apellidos]) --HIJO
 values('Blanca','Lomas Bellavia')
 insert into Persona(Nombre,[Apellidos]) --HIJO
 values('Abdiel','Benjarano Zalazar')
 insert into Persona(Nombre,[Apellidos]) --HIJO
 values('Georgina','Ponce Gomez')
 insert into Persona(Nombre,[Apellidos]) --HIJO
 values('Alfredo','Abitia Zambrano')
 insert into Persona(Nombre,[Apellidos]) --HIJO
 values('Rosario','Molina Rios')
 insert into Persona(Nombre,[Apellidos]) --HIJO
 values('Benjamin','Rios Nolasco')
 insert into Persona(Nombre,[Apellidos]) --HIJO
 values('Valeria','Zalazar Lugo')
 insert into Persona(Nombre,[Apellidos]) --HIJO
 values('Fernando','Dono Ayala')
 insert into Persona(Nombre,[Apellidos]) --HIJO
 values('Marian','Martinez Uriarte')
 insert into Persona(Nombre,[Apellidos]) --HIJO
 values('Eduardo','Rojo Zalazar')
 insert into Persona(Nombre,[Apellidos]) --HIJO
 values('Marai','Uriarte Perez')
 insert into Persona(Nombre,[Apellidos]) --HIJO
 values('Ismael','Abitia Perez')
 insert into Persona(Nombre,[Apellidos]) --HIJO
 values('Merari','Martinez Navarro')
 insert into Persona(Nombre,[Apellidos]) --HIJO
 values('Abram','Para Fonseca')
 insert into Persona(Nombre,[Apellidos]) --HIJO
 values('Mirella','Inda Gomez')
 insert into Persona(Nombre,[Apellidos]) --HIJO
 values('Kerim','Montaño Machado')
 insert into Persona(Nombre,[Apellidos]) --HIJO
 values('Cecilia','Molina Ramos')
 insert into Persona(Nombre,[Apellidos]) --HIJO
 values('Esteban','Cadenas Molina')

 select * from Persona

 ------------------------LLENANDO LA TABLA TRABAJO---------------------------
--select * from Trabajo
insert into Trabajo(Nombre)
values('Desarrollador')  
insert into Trabajo(Nombre)
values('Contador')
insert into Trabajo(Nombre)
values('Gerente') 
insert into Trabajo(Nombre)
values('Maestro') 
insert into Trabajo(Nombre)
values('Recepcionista') 
insert into Trabajo(Nombre)
values('Mecanico') 
insert into Trabajo(Nombre)
values('Veterinario') 
insert into Trabajo(Nombre)
values('Médico general')
insert into Trabajo(Nombre)
values('Enfermero') 
insert into Trabajo(Nombre)
values('Chef') 
insert into Trabajo(Nombre)
values('Diseño gráfico')  
insert into Trabajo(Nombre)
values('Músico') 
insert into Trabajo(Nombre)
values('Cajero') 

select * from Trabajo

------------------------LLENANDO LA TABLA NIVEL---------------------------
--select * from Nivel
insert into Nivel(Nombre)
values('Preescolar')
insert into Nivel(Nombre)
values('Primaria')

select * from Nivel

------------------------LLENANDO LA TABLA NIÑO---------------------------  
--select * from Niño
--select * from Persona
insert into Niño(IDPersona,Fecha_Nacimiento,Nivel_ID,Grado)
values(101,'03/15/2015',1,1)
insert into Niño(IDPersona,Fecha_Nacimiento,Nivel_ID,Grado)
values(102,'11/02/2014',1,2)
insert into Niño(IDPersona,Fecha_Nacimiento,Nivel_ID,Grado)
values(103,'05/26/2013',1,3)
insert into Niño(IDPersona,Fecha_Nacimiento,Nivel_ID,Grado)
values(104,'07/14/2012',2,1)
insert into Niño(IDPersona,Fecha_Nacimiento,Nivel_ID,Grado)
values(105,'08/02/2011',2,2)
insert into Niño(IDPersona,Fecha_Nacimiento,Nivel_ID,Grado)
values(106,'06/25/2010',2,3)
insert into Niño(IDPersona,Fecha_Nacimiento,Nivel_ID,Grado)
values(107,'02/17/2009',2,4)
insert into Niño(IDPersona,Fecha_Nacimiento,Nivel_ID,Grado)
values(108,'05/11/2008',2,5)
insert into Niño(IDPersona,Fecha_Nacimiento,Nivel_ID,Grado)
values(109,'12/26/2007',2,6)
insert into Niño(IDPersona,Fecha_Nacimiento,Nivel_ID,Grado)
values(110,'01/31/2015',1,1)
insert into Niño(IDPersona,Fecha_Nacimiento,Nivel_ID,Grado)
values(111,'03/27/2014',1,2)
insert into Niño(IDPersona,Fecha_Nacimiento,Nivel_ID,Grado)
values(112,'08/18/2013',1,3)
insert into Niño(IDPersona,Fecha_Nacimiento,Nivel_ID,Grado)
values(113,'09/25/2012',2,1)
insert into Niño(IDPersona,Fecha_Nacimiento,Nivel_ID,Grado)
values(114,'05/12/2011',2,2)
insert into Niño(IDPersona,Fecha_Nacimiento,Nivel_ID,Grado)
values(115,'05/21/2010',2,3)
insert into Niño(IDPersona,Fecha_Nacimiento,Nivel_ID,Grado)
values(116,'11/03/2009',2,4)
insert into Niño(IDPersona,Fecha_Nacimiento,Nivel_ID,Grado)
values(117,'02/14/2008',2,5)
insert into Niño(IDPersona,Fecha_Nacimiento,Nivel_ID,Grado)
values(118,'06/27/2007',2,6)
insert into Niño(IDPersona,Fecha_Nacimiento,Nivel_ID,Grado)
values(119,'08/01/2015',1,1)
insert into Niño(IDPersona,Fecha_Nacimiento,Nivel_ID,Grado)
values(120,'10/12/2014',1,2)
insert into Niño(IDPersona,Fecha_Nacimiento,Nivel_ID,Grado)
values(121,'12/16/2013',1,3)
insert into Niño(IDPersona,Fecha_Nacimiento,Nivel_ID,Grado)
values(122,'04/18/2012',2,1)
insert into Niño(IDPersona,Fecha_Nacimiento,Nivel_ID,Grado)
values(123,'03/10/2011',2,2)
insert into Niño(IDPersona,Fecha_Nacimiento,Nivel_ID,Grado)
values(124,'02/03/2010',2,3)
insert into Niño(IDPersona,Fecha_Nacimiento,Nivel_ID,Grado)
values(125,'11/05/2009',2,4)
insert into Niño(IDPersona,Fecha_Nacimiento,Nivel_ID,Grado)
values(126,'05/09/2008',2,5)
insert into Niño(IDPersona,Fecha_Nacimiento,Nivel_ID,Grado)
values(127,'06/12/2007',2,6)
insert into Niño(IDPersona,Fecha_Nacimiento,Nivel_ID,Grado)
values(128,'08/18/2015',1,1)
insert into Niño(IDPersona,Fecha_Nacimiento,Nivel_ID,Grado)
values(129,'07/25/2014',1,2)
insert into Niño(IDPersona,Fecha_Nacimiento,Nivel_ID,Grado)
values(130,'05/22/2013',1,3)
insert into Niño(IDPersona,Fecha_Nacimiento,Nivel_ID,Grado)
values(131,'07/21/2012',2,1)
insert into Niño(IDPersona,Fecha_Nacimiento,Nivel_ID,Grado)
values(132,'03/09/2011',2,2)
insert into Niño(IDPersona,Fecha_Nacimiento,Nivel_ID,Grado)
values(133,'01/04/2010',2,3)
insert into Niño(IDPersona,Fecha_Nacimiento,Nivel_ID,Grado)
values(134,'10/15/2009',2,4)
insert into Niño(IDPersona,Fecha_Nacimiento,Nivel_ID,Grado)
values(135,'11/20/2008',2,5)
insert into Niño(IDPersona,Fecha_Nacimiento,Nivel_ID,Grado)
values(136,'05/12/2007',2,6)
insert into Niño(IDPersona,Fecha_Nacimiento,Nivel_ID,Grado)
values(137,'06/11/2015',1,1)
insert into Niño(IDPersona,Fecha_Nacimiento,Nivel_ID,Grado)
values(138,'07/23/2014',1,2)
insert into Niño(IDPersona,Fecha_Nacimiento,Nivel_ID,Grado)
values(139,'03/18/2013',1,3)
insert into Niño(IDPersona,Fecha_Nacimiento,Nivel_ID,Grado)
values(140,'12/19/2012',2,1)
insert into Niño(IDPersona,Fecha_Nacimiento,Nivel_ID,Grado)
values(141,'07/15/2011',2,2)
insert into Niño(IDPersona,Fecha_Nacimiento,Nivel_ID,Grado)
values(142,'08/03/2010',2,3)
insert into Niño(IDPersona,Fecha_Nacimiento,Nivel_ID,Grado)
values(143,'09/11/2009',2,4)
insert into Niño(IDPersona,Fecha_Nacimiento,Nivel_ID,Grado)
values(144,'04/12/2008',2,5)
insert into Niño(IDPersona,Fecha_Nacimiento,Nivel_ID,Grado)
values(145,'06/18/2007',2,6)
insert into Niño(IDPersona,Fecha_Nacimiento,Nivel_ID,Grado)
values(146,'12/27/2015',1,1)
insert into Niño(IDPersona,Fecha_Nacimiento,Nivel_ID,Grado)
values(147,'11/16/2014',1,2)
insert into Niño(IDPersona,Fecha_Nacimiento,Nivel_ID,Grado)
values(148,'02/25/2013',1,3)
insert into Niño(IDPersona,Fecha_Nacimiento,Nivel_ID,Grado)
values(149,'01/17/2012',2,1)
insert into Niño(IDPersona,Fecha_Nacimiento,Nivel_ID,Grado)
values(150,'08/15/2011',2,2)
insert into Niño(IDPersona,Fecha_Nacimiento,Nivel_ID,Grado)
values(151,'09/17/2010',2,3)
insert into Niño(IDPersona,Fecha_Nacimiento,Nivel_ID,Grado)
values(152,'07/13/2009',2,4)
insert into Niño(IDPersona,Fecha_Nacimiento,Nivel_ID,Grado)
values(153,'06/15/2008',2,5)
insert into Niño(IDPersona,Fecha_Nacimiento,Nivel_ID,Grado)
values(154,'10/13/2007',2,6)
insert into Niño(IDPersona,Fecha_Nacimiento,Nivel_ID,Grado)
values(155,'05/12/2015',1,1)
insert into Niño(IDPersona,Fecha_Nacimiento,Nivel_ID,Grado)
values(156,'12/03/2014',1,2)
insert into Niño(IDPersona,Fecha_Nacimiento,Nivel_ID,Grado)
values(157,'11/04/2013',1,3)
insert into Niño(IDPersona,Fecha_Nacimiento,Nivel_ID,Grado)
values(158,'03/09/2012',2,1)
insert into Niño(IDPersona,Fecha_Nacimiento,Nivel_ID,Grado)
values(159,'02/07/2011',2,2)
insert into Niño(IDPersona,Fecha_Nacimiento,Nivel_ID,Grado)
values(160,'05/20/2010',2,3)
insert into Niño(IDPersona,Fecha_Nacimiento,Nivel_ID,Grado)
values(161,'04/18/2009',2,4)
insert into Niño(IDPersona,Fecha_Nacimiento,Nivel_ID,Grado)
values(162,'07/13/2008',2,5)
insert into Niño(IDPersona,Fecha_Nacimiento,Nivel_ID,Grado)
values(163,'09/15/2007',2,6)
insert into Niño(IDPersona,Fecha_Nacimiento,Nivel_ID,Grado)
values(164,'08/14/2015',1,1)
insert into Niño(IDPersona,Fecha_Nacimiento,Nivel_ID,Grado)
values(165,'05/12/2014',1,2)
insert into Niño(IDPersona,Fecha_Nacimiento,Nivel_ID,Grado)
values(166,'06/05/2013',1,3)
insert into Niño(IDPersona,Fecha_Nacimiento,Nivel_ID,Grado)
values(167,'03/18/2012',2,1)
insert into Niño(IDPersona,Fecha_Nacimiento,Nivel_ID,Grado)
values(168,'02/15/2011',2,2)
insert into Niño(IDPersona,Fecha_Nacimiento,Nivel_ID,Grado)
values(169,'07/16/2010',2,3)
insert into Niño(IDPersona,Fecha_Nacimiento,Nivel_ID,Grado)
values(170,'01/24/2009',2,4)
insert into Niño(IDPersona,Fecha_Nacimiento,Nivel_ID,Grado)
values(171,'12/23/2008',2,5)
insert into Niño(IDPersona,Fecha_Nacimiento,Nivel_ID,Grado)
values(172,'10/15/2007',2,6)
insert into Niño(IDPersona,Fecha_Nacimiento,Nivel_ID,Grado)
values(173,'03/06/2015',1,1)
insert into Niño(IDPersona,Fecha_Nacimiento,Nivel_ID,Grado)
values(174,'05/17/2014',1,2)
insert into Niño(IDPersona,Fecha_Nacimiento,Nivel_ID,Grado)
values(175,'06/13/2013',1,3)
insert into Niño(IDPersona,Fecha_Nacimiento,Nivel_ID,Grado)
values(176,'07/13/2012',2,1)
insert into Niño(IDPersona,Fecha_Nacimiento,Nivel_ID,Grado)
values(177,'12/09/2011',2,2)
insert into Niño(IDPersona,Fecha_Nacimiento,Nivel_ID,Grado)
values(178,'06/15/2010',2,3)
insert into Niño(IDPersona,Fecha_Nacimiento,Nivel_ID,Grado)
values(179,'05/12/2009',2,4)
insert into Niño(IDPersona,Fecha_Nacimiento,Nivel_ID,Grado)
values(180,'10/13/2008',2,5)
insert into Niño(IDPersona,Fecha_Nacimiento,Nivel_ID,Grado)
values(181,'07/04/2007',2,6)
insert into Niño(IDPersona,Fecha_Nacimiento,Nivel_ID,Grado)
values(182,'08/09/2015',1,1)
insert into Niño(IDPersona,Fecha_Nacimiento,Nivel_ID,Grado)
values(183,'05/03/2014',1,2)
insert into Niño(IDPersona,Fecha_Nacimiento,Nivel_ID,Grado)
values(184,'12/04/2013',1,3)
insert into Niño(IDPersona,Fecha_Nacimiento,Nivel_ID,Grado)
values(185,'06/26/2012',2,1)
insert into Niño(IDPersona,Fecha_Nacimiento,Nivel_ID,Grado)
values(186,'11/21/2011',2,2)
insert into Niño(IDPersona,Fecha_Nacimiento,Nivel_ID,Grado)
values(187,'10/22/2010',2,3)
insert into Niño(IDPersona,Fecha_Nacimiento,Nivel_ID,Grado)
values(188,'06/10/2009',2,4)
insert into Niño(IDPersona,Fecha_Nacimiento,Nivel_ID,Grado)
values(189,'07/11/2008',2,5)
insert into Niño(IDPersona,Fecha_Nacimiento,Nivel_ID,Grado)
values(190,'05/19/2007',2,6)
insert into Niño(IDPersona,Fecha_Nacimiento,Nivel_ID,Grado)
values(191,'02/12/2015',1,1)
insert into Niño(IDPersona,Fecha_Nacimiento,Nivel_ID,Grado)
values(192,'12/20/2014',1,2)
insert into Niño(IDPersona,Fecha_Nacimiento,Nivel_ID,Grado)
values(193,'01/21/2013',1,3)
insert into Niño(IDPersona,Fecha_Nacimiento,Nivel_ID,Grado)
values(194,'06/19/2012',2,1)
insert into Niño(IDPersona,Fecha_Nacimiento,Nivel_ID,Grado)
values(195,'05/18/2011',2,2)
insert into Niño(IDPersona,Fecha_Nacimiento,Nivel_ID,Grado)
values(196,'03/07/2010',2,3)
insert into Niño(IDPersona,Fecha_Nacimiento,Nivel_ID,Grado)
values(197,'08/02/2009',2,4)
insert into Niño(IDPersona,Fecha_Nacimiento,Nivel_ID,Grado)
values(198,'09/03/2008',2,5)
insert into Niño(IDPersona,Fecha_Nacimiento,Nivel_ID,Grado)
values(199,'08/27/2007',2,6)
insert into Niño(IDPersona,Fecha_Nacimiento,Nivel_ID,Grado)
values(200,'07/10/2015',1,1)

select * from Niño

------------------------LLENANDO LA TABLA TUTOR---------------------------
--select * from Tutor
--select * from Persona
--select * from Trabajo
insert into Tutor(IDPersona,IDTrabajo)
values(1,13)
insert into Tutor(IDPersona,IDTrabajo)
values(2,12)
insert into Tutor(IDPersona,IDTrabajo)
values(3,6)
insert into Tutor(IDPersona,IDTrabajo)
values(4,7)
insert into Tutor(IDPersona,IDTrabajo)
values(5,1)
insert into Tutor(IDPersona,IDTrabajo)
values(6,2)
insert into Tutor(IDPersona,IDTrabajo)
values(7,8)
insert into Tutor(IDPersona,IDTrabajo)
values(8,10)
insert into Tutor(IDPersona,IDTrabajo)
values(9,7)
insert into Tutor(IDPersona,IDTrabajo)
values(10,10)
insert into Tutor(IDPersona,IDTrabajo)
values(11,1)
insert into Tutor(IDPersona,IDTrabajo)
values(12,8)
insert into Tutor(IDPersona,IDTrabajo)
values(13,4)
insert into Tutor(IDPersona,IDTrabajo)
values(14,12)
insert into Tutor(IDPersona,IDTrabajo)
values(15,3)
insert into Tutor(IDPersona,IDTrabajo)
values(16,5)
insert into Tutor(IDPersona,IDTrabajo)
values(17,11)
insert into Tutor(IDPersona,IDTrabajo)
values(18,2)
insert into Tutor(IDPersona,IDTrabajo)
values(19,6)
insert into Tutor(IDPersona,IDTrabajo)
values(20,9)
insert into Tutor(IDPersona,IDTrabajo)
values(21,9)
insert into Tutor(IDPersona,IDTrabajo)
values(22,5)
insert into Tutor(IDPersona,IDTrabajo)
values(23,6)
insert into Tutor(IDPersona,IDTrabajo)
values(24,5)
insert into Tutor(IDPersona,IDTrabajo)
values(25,1)
insert into Tutor(IDPersona,IDTrabajo)
values(26,11)
insert into Tutor(IDPersona,IDTrabajo)
values(27,7)
insert into Tutor(IDPersona,IDTrabajo)
values(28,3)
insert into Tutor(IDPersona,IDTrabajo)
values(29,8)
insert into Tutor(IDPersona,IDTrabajo)
values(30,1)
insert into Tutor(IDPersona,IDTrabajo)
values(31,6)
insert into Tutor(IDPersona,IDTrabajo)
values(32,12)
insert into Tutor(IDPersona,IDTrabajo)
values(33,2)
insert into Tutor(IDPersona,IDTrabajo)
values(34,7)
insert into Tutor(IDPersona,IDTrabajo)
values(35,10)
insert into Tutor(IDPersona,IDTrabajo)
values(36,8)
insert into Tutor(IDPersona,IDTrabajo)
values(37,11)
insert into Tutor(IDPersona,IDTrabajo)
values(38,1)
insert into Tutor(IDPersona,IDTrabajo)
values(39,7)
insert into Tutor(IDPersona,IDTrabajo)
values(40,4)
insert into Tutor(IDPersona,IDTrabajo)
values(41,9)
insert into Tutor(IDPersona,IDTrabajo)
values(42,9)
insert into Tutor(IDPersona,IDTrabajo)
values(43,2)
insert into Tutor(IDPersona,IDTrabajo)
values(44,3)
insert into Tutor(IDPersona,IDTrabajo)
values(45,3)
insert into Tutor(IDPersona,IDTrabajo)
values(46,13)
insert into Tutor(IDPersona,IDTrabajo)
values(47,7)
insert into Tutor(IDPersona,IDTrabajo)
values(48,13)
insert into Tutor(IDPersona,IDTrabajo)
values(49,5)
insert into Tutor(IDPersona,IDTrabajo)
values(50,9)
insert into Tutor(IDPersona,IDTrabajo)
values(51,6)
insert into Tutor(IDPersona,IDTrabajo)
values(52,10)
insert into Tutor(IDPersona,IDTrabajo)
values(53,2)
insert into Tutor(IDPersona,IDTrabajo)
values(54,5)
insert into Tutor(IDPersona,IDTrabajo)
values(55,10)
insert into Tutor(IDPersona,IDTrabajo)
values(56,6)
insert into Tutor(IDPersona,IDTrabajo)
values(57,5)
insert into Tutor(IDPersona,IDTrabajo)
values(58,3)
insert into Tutor(IDPersona,IDTrabajo)
values(59,1)
insert into Tutor(IDPersona,IDTrabajo)
values(60,13)
insert into Tutor(IDPersona,IDTrabajo)
values(61,4)
insert into Tutor(IDPersona,IDTrabajo)
values(62,5)
insert into Tutor(IDPersona,IDTrabajo)
values(63,5)
insert into Tutor(IDPersona,IDTrabajo)
values(64,2)
insert into Tutor(IDPersona,IDTrabajo)
values(65,6)
insert into Tutor(IDPersona,IDTrabajo)
values(66,11)
insert into Tutor(IDPersona,IDTrabajo)
values(67,7)
insert into Tutor(IDPersona,IDTrabajo)
values(68,1)
insert into Tutor(IDPersona,IDTrabajo)
values(69,1)
insert into Tutor(IDPersona,IDTrabajo)
values(70,7)
insert into Tutor(IDPersona,IDTrabajo)
values(71,12)
insert into Tutor(IDPersona,IDTrabajo)
values(72,13)
insert into Tutor(IDPersona,IDTrabajo)
values(73,7)
insert into Tutor(IDPersona,IDTrabajo)
values(74,9)
insert into Tutor(IDPersona,IDTrabajo)
values(75,12)
insert into Tutor(IDPersona,IDTrabajo)
values(76,2)
insert into Tutor(IDPersona,IDTrabajo)
values(77,5)
insert into Tutor(IDPersona,IDTrabajo)
values(78,2)
insert into Tutor(IDPersona,IDTrabajo)
values(79,2)
insert into Tutor(IDPersona,IDTrabajo)
values(80,5)
insert into Tutor(IDPersona,IDTrabajo)
values(81,2)
insert into Tutor(IDPersona,IDTrabajo)
values(82,12)
insert into Tutor(IDPersona,IDTrabajo)
values(83,8)
insert into Tutor(IDPersona,IDTrabajo)
values(84,4)
insert into Tutor(IDPersona,IDTrabajo)
values(85,8)
insert into Tutor(IDPersona,IDTrabajo)
values(86,9)
insert into Tutor(IDPersona,IDTrabajo)
values(87,10)
insert into Tutor(IDPersona,IDTrabajo)
values(88,6)
insert into Tutor(IDPersona,IDTrabajo)
values(89,2)
insert into Tutor(IDPersona,IDTrabajo)
values(90,7)
insert into Tutor(IDPersona,IDTrabajo)
values(91,1)
insert into Tutor(IDPersona,IDTrabajo)
values(92,6)
insert into Tutor(IDPersona,IDTrabajo)
values(93,8)
insert into Tutor(IDPersona,IDTrabajo)
values(94,1)
insert into Tutor(IDPersona,IDTrabajo)
values(95,4)
insert into Tutor(IDPersona,IDTrabajo)
values(96,6)
insert into Tutor(IDPersona,IDTrabajo)
values(97,11)
insert into Tutor(IDPersona,IDTrabajo)
values(98,12)
insert into Tutor(IDPersona,IDTrabajo)
values(99,12)
insert into Tutor(IDPersona,IDTrabajo)
values(100,2)

select * from Tutor

-------------------------LLENANDO LA TABLA TELEFONO----------------------------
--select * from Telefono
insert into Telefono(IDTutor,Lada,Numero)
values(1,667,12345678)
insert into Telefono(IDTutor,Lada,Numero)
values(2,667,12345683)
insert into Telefono(IDTutor,Lada,Numero)
values(3,667,12345688)
insert into Telefono(IDTutor,Lada,Numero)
values(4,667,12345693)
insert into Telefono(IDTutor,Lada,Numero)
values(5,667,12345698)
insert into Telefono(IDTutor,Lada,Numero)
values(6,667,12345703)
insert into Telefono(IDTutor,Lada,Numero)
values(7,667,12345708)
insert into Telefono(IDTutor,Lada,Numero)
values(8,667,12345713)
insert into Telefono(IDTutor,Lada,Numero)
values(9,667,12345718)
insert into Telefono(IDTutor,Lada,Numero)
values(10,667,12345723)
insert into Telefono(IDTutor,Lada,Numero)
values(11,667,12345728)
insert into Telefono(IDTutor,Lada,Numero)
values(12,667,12345733)
insert into Telefono(IDTutor,Lada,Numero)
values(13,667,12345738)
insert into Telefono(IDTutor,Lada,Numero)
values(14,667,12345743)
insert into Telefono(IDTutor,Lada,Numero)
values(15,667,12345748)
insert into Telefono(IDTutor,Lada,Numero)
values(16,667,12345753)
insert into Telefono(IDTutor,Lada,Numero)
values(17,667,12345758)
insert into Telefono(IDTutor,Lada,Numero)
values(18,667,12345763)
insert into Telefono(IDTutor,Lada,Numero)
values(19,667,12345768)
insert into Telefono(IDTutor,Lada,Numero)
values(20,667,12345773)
insert into Telefono(IDTutor,Lada,Numero)
values(21,667,12345778)
insert into Telefono(IDTutor,Lada,Numero)
values(22,667,12345783)
insert into Telefono(IDTutor,Lada,Numero)
values(23,667,12345788)
insert into Telefono(IDTutor,Lada,Numero)
values(24,667,12345793)
insert into Telefono(IDTutor,Lada,Numero)
values(25,667,12345798)
insert into Telefono(IDTutor,Lada,Numero)
values(26,667,12345803)
insert into Telefono(IDTutor,Lada,Numero)
values(27,667,12345808)
insert into Telefono(IDTutor,Lada,Numero)
values(28,667,12345813)
insert into Telefono(IDTutor,Lada,Numero)
values(29,667,12345818)
insert into Telefono(IDTutor,Lada,Numero)
values(30,667,12345823)
insert into Telefono(IDTutor,Lada,Numero)
values(31,667,12345828)
insert into Telefono(IDTutor,Lada,Numero)
values(32,667,12345833)
insert into Telefono(IDTutor,Lada,Numero)
values(33,667,12345838)
insert into Telefono(IDTutor,Lada,Numero)
values(34,667,12345843)
insert into Telefono(IDTutor,Lada,Numero)
values(35,667,12345848)
insert into Telefono(IDTutor,Lada,Numero)
values(36,667,12345853)
insert into Telefono(IDTutor,Lada,Numero)
values(37,667,12345858)
insert into Telefono(IDTutor,Lada,Numero)
values(38,667,12345863)
insert into Telefono(IDTutor,Lada,Numero)
values(39,667,12345868)
insert into Telefono(IDTutor,Lada,Numero)
values(40,667,12345873)
insert into Telefono(IDTutor,Lada,Numero)
values(41,667,12345878)
insert into Telefono(IDTutor,Lada,Numero)
values(42,667,12345883)
insert into Telefono(IDTutor,Lada,Numero)
values(43,667,12345888)
insert into Telefono(IDTutor,Lada,Numero)
values(44,667,12345893)
insert into Telefono(IDTutor,Lada,Numero)
values(45,667,12345898)
insert into Telefono(IDTutor,Lada,Numero)
values(46,667,12345903)
insert into Telefono(IDTutor,Lada,Numero)
values(47,667,12345908)
insert into Telefono(IDTutor,Lada,Numero)
values(48,667,12345913)
insert into Telefono(IDTutor,Lada,Numero)
values(49,667,12345918)
insert into Telefono(IDTutor,Lada,Numero)
values(50,667,12345923)
insert into Telefono(IDTutor,Lada,Numero)
values(51,667,12345928)
insert into Telefono(IDTutor,Lada,Numero)
values(52,667,12345933)
insert into Telefono(IDTutor,Lada,Numero)
values(53,667,12345938)
insert into Telefono(IDTutor,Lada,Numero)
values(54,667,12345943)
insert into Telefono(IDTutor,Lada,Numero)
values(55,667,12345948)
insert into Telefono(IDTutor,Lada,Numero)
values(56,667,12345953)
insert into Telefono(IDTutor,Lada,Numero)
values(57,667,12345958)
insert into Telefono(IDTutor,Lada,Numero)
values(58,667,12345963)
insert into Telefono(IDTutor,Lada,Numero)
values(59,667,12345968)
insert into Telefono(IDTutor,Lada,Numero)
values(60,667,12345973)
insert into Telefono(IDTutor,Lada,Numero)
values(61,667,12345978)
insert into Telefono(IDTutor,Lada,Numero)
values(62,667,12345983)
insert into Telefono(IDTutor,Lada,Numero)
values(63,667,12345988)
insert into Telefono(IDTutor,Lada,Numero)
values(64,667,12345993)
insert into Telefono(IDTutor,Lada,Numero)
values(65,667,12345998)
insert into Telefono(IDTutor,Lada,Numero)
values(66,667,12346003)
insert into Telefono(IDTutor,Lada,Numero)
values(67,667,12346008)
insert into Telefono(IDTutor,Lada,Numero)
values(68,667,12346013)
insert into Telefono(IDTutor,Lada,Numero)
values(69,667,12346018)
insert into Telefono(IDTutor,Lada,Numero)
values(70,667,12346023)
insert into Telefono(IDTutor,Lada,Numero)
values(71,667,12346028)
insert into Telefono(IDTutor,Lada,Numero)
values(72,667,12346033)
insert into Telefono(IDTutor,Lada,Numero)
values(73,667,12346038)
insert into Telefono(IDTutor,Lada,Numero)
values(74,667,12346043)
insert into Telefono(IDTutor,Lada,Numero)
values(75,667,12346048)
insert into Telefono(IDTutor,Lada,Numero)
values(76,667,12346053)
insert into Telefono(IDTutor,Lada,Numero)
values(77,667,12346058)
insert into Telefono(IDTutor,Lada,Numero)
values(78,667,12346063)
insert into Telefono(IDTutor,Lada,Numero)
values(79,667,12346068)
insert into Telefono(IDTutor,Lada,Numero)
values(80,667,12346073)
insert into Telefono(IDTutor,Lada,Numero)
values(81,667,12346078)
insert into Telefono(IDTutor,Lada,Numero)
values(82,667,12346083)
insert into Telefono(IDTutor,Lada,Numero)
values(83,667,12346088)
insert into Telefono(IDTutor,Lada,Numero)
values(84,667,12346093)
insert into Telefono(IDTutor,Lada,Numero)
values(85,667,12346098)
insert into Telefono(IDTutor,Lada,Numero)
values(86,667,12346103)
insert into Telefono(IDTutor,Lada,Numero)
values(87,667,12346108)
insert into Telefono(IDTutor,Lada,Numero)
values(88,667,12346113)
insert into Telefono(IDTutor,Lada,Numero)
values(89,667,12346118)
insert into Telefono(IDTutor,Lada,Numero)
values(90,667,12346123)
insert into Telefono(IDTutor,Lada,Numero)
values(91,667,12346128)
insert into Telefono(IDTutor,Lada,Numero)
values(92,667,12346133)
insert into Telefono(IDTutor,Lada,Numero)
values(93,667,12346138)
insert into Telefono(IDTutor,Lada,Numero)
values(94,667,12346143)
insert into Telefono(IDTutor,Lada,Numero)
values(95,667,12346148)
insert into Telefono(IDTutor,Lada,Numero)
values(96,667,12346153)
insert into Telefono(IDTutor,Lada,Numero)
values(97,667,12346158)
insert into Telefono(IDTutor,Lada,Numero)
values(98,667,12346163)
insert into Telefono(IDTutor,Lada,Numero)
values(99,667,12346168)
insert into Telefono(IDTutor,Lada,Numero)
values(100,667,12346173)

select * from Telefono

-------------------------LLENANDO LA TABLA TUTOR NIÑO----------------------------
--select * from Tutor_Niño
insert into Tutor_Niño(IDTutor,IDNiño)
values(1,101)
insert into Tutor_Niño(IDTutor,IDNiño)
values(2,102)
insert into Tutor_Niño(IDTutor,IDNiño)
values(3,103)
insert into Tutor_Niño(IDTutor,IDNiño)
values(4,104)
insert into Tutor_Niño(IDTutor,IDNiño)
values(5,105)
insert into Tutor_Niño(IDTutor,IDNiño)
values(6,106)
insert into Tutor_Niño(IDTutor,IDNiño)
values(7,107)
insert into Tutor_Niño(IDTutor,IDNiño)
values(8,108)
insert into Tutor_Niño(IDTutor,IDNiño)
values(9,109)
insert into Tutor_Niño(IDTutor,IDNiño)
values(10,110)
insert into Tutor_Niño(IDTutor,IDNiño)
values(11,111)
insert into Tutor_Niño(IDTutor,IDNiño)
values(12,112)
insert into Tutor_Niño(IDTutor,IDNiño)
values(13,113)
insert into Tutor_Niño(IDTutor,IDNiño)
values(14,114)
insert into Tutor_Niño(IDTutor,IDNiño)
values(15,115)
insert into Tutor_Niño(IDTutor,IDNiño)
values(16,116)
insert into Tutor_Niño(IDTutor,IDNiño)
values(17,117)
insert into Tutor_Niño(IDTutor,IDNiño)
values(18,118)
insert into Tutor_Niño(IDTutor,IDNiño)
values(19,119)
insert into Tutor_Niño(IDTutor,IDNiño)
values(20,120)
insert into Tutor_Niño(IDTutor,IDNiño)
values(21,121)
insert into Tutor_Niño(IDTutor,IDNiño)
values(22,122)
insert into Tutor_Niño(IDTutor,IDNiño)
values(23,123)
insert into Tutor_Niño(IDTutor,IDNiño)
values(24,124)
insert into Tutor_Niño(IDTutor,IDNiño)
values(25,125)
insert into Tutor_Niño(IDTutor,IDNiño)
values(26,126)
insert into Tutor_Niño(IDTutor,IDNiño)
values(27,127)
insert into Tutor_Niño(IDTutor,IDNiño)
values(28,128)
insert into Tutor_Niño(IDTutor,IDNiño)
values(29,129)
insert into Tutor_Niño(IDTutor,IDNiño)
values(30,130)
insert into Tutor_Niño(IDTutor,IDNiño)
values(31,131)
insert into Tutor_Niño(IDTutor,IDNiño)
values(32,132)
insert into Tutor_Niño(IDTutor,IDNiño)
values(33,133)
insert into Tutor_Niño(IDTutor,IDNiño)
values(34,134)
insert into Tutor_Niño(IDTutor,IDNiño)
values(35,135)
insert into Tutor_Niño(IDTutor,IDNiño)
values(36,136)
insert into Tutor_Niño(IDTutor,IDNiño)
values(37,137)
insert into Tutor_Niño(IDTutor,IDNiño)
values(38,138)
insert into Tutor_Niño(IDTutor,IDNiño)
values(39,139)
insert into Tutor_Niño(IDTutor,IDNiño)
values(40,140)
insert into Tutor_Niño(IDTutor,IDNiño)
values(41,141)
insert into Tutor_Niño(IDTutor,IDNiño)
values(42,142)
insert into Tutor_Niño(IDTutor,IDNiño)
values(43,143)
insert into Tutor_Niño(IDTutor,IDNiño)
values(44,144)
insert into Tutor_Niño(IDTutor,IDNiño)
values(45,145)
insert into Tutor_Niño(IDTutor,IDNiño)
values(46,146)
insert into Tutor_Niño(IDTutor,IDNiño)
values(47,147)
insert into Tutor_Niño(IDTutor,IDNiño)
values(48,148)
insert into Tutor_Niño(IDTutor,IDNiño)
values(49,149)
insert into Tutor_Niño(IDTutor,IDNiño)
values(50,150)
insert into Tutor_Niño(IDTutor,IDNiño)
values(51,151)
insert into Tutor_Niño(IDTutor,IDNiño)
values(52,152)
insert into Tutor_Niño(IDTutor,IDNiño)
values(53,153)
insert into Tutor_Niño(IDTutor,IDNiño)
values(54,154)
insert into Tutor_Niño(IDTutor,IDNiño)
values(55,155)
insert into Tutor_Niño(IDTutor,IDNiño)
values(56,156)
insert into Tutor_Niño(IDTutor,IDNiño)
values(57,157)
insert into Tutor_Niño(IDTutor,IDNiño)
values(58,158)
insert into Tutor_Niño(IDTutor,IDNiño)
values(59,159)
insert into Tutor_Niño(IDTutor,IDNiño)
values(60,160)
insert into Tutor_Niño(IDTutor,IDNiño)
values(61,161)
insert into Tutor_Niño(IDTutor,IDNiño)
values(62,162)
insert into Tutor_Niño(IDTutor,IDNiño)
values(63,163)
insert into Tutor_Niño(IDTutor,IDNiño)
values(64,164)
insert into Tutor_Niño(IDTutor,IDNiño)
values(65,165)
insert into Tutor_Niño(IDTutor,IDNiño)
values(66,166)
insert into Tutor_Niño(IDTutor,IDNiño)
values(67,167)
insert into Tutor_Niño(IDTutor,IDNiño)
values(68,168)
insert into Tutor_Niño(IDTutor,IDNiño)
values(69,169)
insert into Tutor_Niño(IDTutor,IDNiño)
values(70,170)
insert into Tutor_Niño(IDTutor,IDNiño)
values(71,171)
insert into Tutor_Niño(IDTutor,IDNiño)
values(72,172)
insert into Tutor_Niño(IDTutor,IDNiño)
values(73,173)
insert into Tutor_Niño(IDTutor,IDNiño)
values(74,174)
insert into Tutor_Niño(IDTutor,IDNiño)
values(75,175)
insert into Tutor_Niño(IDTutor,IDNiño)
values(76,176)
insert into Tutor_Niño(IDTutor,IDNiño)
values(77,177)
insert into Tutor_Niño(IDTutor,IDNiño)
values(78,178)
insert into Tutor_Niño(IDTutor,IDNiño)
values(79,179)
insert into Tutor_Niño(IDTutor,IDNiño)
values(80,180)
insert into Tutor_Niño(IDTutor,IDNiño)
values(81,181)
insert into Tutor_Niño(IDTutor,IDNiño)
values(82,182)
insert into Tutor_Niño(IDTutor,IDNiño)
values(83,183)
insert into Tutor_Niño(IDTutor,IDNiño)
values(84,184)
insert into Tutor_Niño(IDTutor,IDNiño)
values(85,185)
insert into Tutor_Niño(IDTutor,IDNiño)
values(86,186)
insert into Tutor_Niño(IDTutor,IDNiño)
values(87,187)
insert into Tutor_Niño(IDTutor,IDNiño)
values(88,188)
insert into Tutor_Niño(IDTutor,IDNiño)
values(89,189)
insert into Tutor_Niño(IDTutor,IDNiño)
values(90,190)
insert into Tutor_Niño(IDTutor,IDNiño)
values(91,191)
insert into Tutor_Niño(IDTutor,IDNiño)
values(92,192)
insert into Tutor_Niño(IDTutor,IDNiño)
values(93,193)
insert into Tutor_Niño(IDTutor,IDNiño)
values(94,194)
insert into Tutor_Niño(IDTutor,IDNiño)
values(95,195)
insert into Tutor_Niño(IDTutor,IDNiño)
values(96,196)
insert into Tutor_Niño(IDTutor,IDNiño)
values(97,197)
insert into Tutor_Niño(IDTutor,IDNiño)
values(98,198)
insert into Tutor_Niño(IDTutor,IDNiño)
values(99,199)
insert into Tutor_Niño(IDTutor,IDNiño)
values(100,200)

select * from Tutor_Niño

-------------------------LLENANDO LA TABLA TIPO COMIDA----------------------------
--select * from TipoComida
insert into TipoComida(Nombre)
values('Comida')
insert into TipoComida(Nombre)
values('Bebida')
insert into TipoComida(Nombre)
values('Postre')

select * from TipoComida

----------------------------LLENANDO LA TABLA ALERGIA-------------------------------
--select * from Alergia
insert into Alergia(Descripcion)
values('Leche de vaca')
insert into Alergia(Descripcion)
values('Gluten')
insert into Alergia(Descripcion)
values('Cacahuates')
insert into Alergia(Descripcion)
values('Nueces')
insert into Alergia(Descripcion)
values('Camarón')
insert into Alergia(Descripcion)
values('Cangrejo')
insert into Alergia(Descripcion)
values('Huevo')
insert into Alergia(Descripcion)
values('Ciruela')
insert into Alergia(Descripcion)
values('Pimienta')
insert into Alergia(Descripcion)
values('Maíz')
insert into Alergia(Descripcion)
values('Mariscos')
insert into Alergia(Descripcion)
values('Fresa')
insert into Alergia(Descripcion)
values('Uva pasa')
insert into Alergia(Descripcion)
values('Mora')

select * from Alergia

----------------------------LLENANDO LA TABLA MENU-------------------------------
--select * from Menu
insert into Menu(Fecha,Costo)
values('09/03/2018',250.00)
insert into Menu(Fecha,Costo)
values('09/10/2018',300.00)
insert into Menu(Fecha,Costo)
values('09/17/2018',180.00)
insert into Menu(Fecha,Costo)
values('09/24/2018',250.00)

select * from Menu

----------------------------LLENANDO LA TABLA UNIDAD DE MEDIDA-------------------------------
--select * from Unidad
insert into Unidad(Nombre)
values('Kilo')
insert into Unidad(Nombre)
values('Gramo')
insert into Unidad(Nombre)
values('Litro')
insert into Unidad(Nombre)
values('Mililitro')
insert into Unidad(Nombre)
values('Cucharada')
insert into Unidad(Nombre)
values('Cucharadita')
insert into Unidad(Nombre)
values('Taza')
insert into Unidad(Nombre)
values('Pizca')

select * from Unidad

----------------------------LLENANDO LA TABLA NIÑO ALERGIA-------------------------------
--select * from Niño_Alergia
--select * from Alergia order by ID
insert into Niño_Alergia(IDNiño,IDAlergia)
values(114,14)
insert into Niño_Alergia(IDNiño,IDAlergia)
values(129,5)
insert into Niño_Alergia(IDNiño,IDAlergia)
values(101,14)
insert into Niño_Alergia(IDNiño,IDAlergia)
values(128,3)
insert into Niño_Alergia(IDNiño,IDAlergia)
values(137,2)
insert into Niño_Alergia(IDNiño,IDAlergia)
values(112,11)
insert into Niño_Alergia(IDNiño,IDAlergia)
values(122,1)
insert into Niño_Alergia(IDNiño,IDAlergia)
values(159,3)
insert into Niño_Alergia(IDNiño,IDAlergia)
values(141,8)
insert into Niño_Alergia(IDNiño,IDAlergia)
values(146,4)
insert into Niño_Alergia(IDNiño,IDAlergia)
values(183,3)
insert into Niño_Alergia(IDNiño,IDAlergia)
values(187,13)
insert into Niño_Alergia(IDNiño,IDAlergia)
values(130,6)
insert into Niño_Alergia(IDNiño,IDAlergia)
values(108,9)
insert into Niño_Alergia(IDNiño,IDAlergia)
values(121,7)
insert into Niño_Alergia(IDNiño,IDAlergia)
values(188,13)
insert into Niño_Alergia(IDNiño,IDAlergia)
values(175,12)
insert into Niño_Alergia(IDNiño,IDAlergia)
values(181,12)
insert into Niño_Alergia(IDNiño,IDAlergia)
values(144,4)
insert into Niño_Alergia(IDNiño,IDAlergia)
values(112,6)
insert into Niño_Alergia(IDNiño,IDAlergia)
values(132,11)
insert into Niño_Alergia(IDNiño,IDAlergia)
values(162,7)
insert into Niño_Alergia(IDNiño,IDAlergia)
values(117,8)
insert into Niño_Alergia(IDNiño,IDAlergia)
values(131,3)
insert into Niño_Alergia(IDNiño,IDAlergia)
values(104,12)
insert into Niño_Alergia(IDNiño,IDAlergia)
values(105,9)
insert into Niño_Alergia(IDNiño,IDAlergia)
values(179,14)
insert into Niño_Alergia(IDNiño,IDAlergia)
values(186,10)
insert into Niño_Alergia(IDNiño,IDAlergia)
values(166,3)
insert into Niño_Alergia(IDNiño,IDAlergia)
values(171,13)
insert into Niño_Alergia(IDNiño,IDAlergia)
values(200,3)
insert into Niño_Alergia(IDNiño,IDAlergia)
values(119,14)
insert into Niño_Alergia(IDNiño,IDAlergia)
values(197,14)
insert into Niño_Alergia(IDNiño,IDAlergia)
values(184,10)
insert into Niño_Alergia(IDNiño,IDAlergia)
values(126,2)
insert into Niño_Alergia(IDNiño,IDAlergia)
values(133,2)
insert into Niño_Alergia(IDNiño,IDAlergia)
values(173,13)
insert into Niño_Alergia(IDNiño,IDAlergia)
values(107,1)
insert into Niño_Alergia(IDNiño,IDAlergia)
values(103,9)
insert into Niño_Alergia(IDNiño,IDAlergia)
values(173,10)
insert into Niño_Alergia(IDNiño,IDAlergia)
values(189,2)
insert into Niño_Alergia(IDNiño,IDAlergia)
values(197,8)
insert into Niño_Alergia(IDNiño,IDAlergia)
values(120,2)
insert into Niño_Alergia(IDNiño,IDAlergia)
values(101,14)
insert into Niño_Alergia(IDNiño,IDAlergia)
values(113,11)
insert into Niño_Alergia(IDNiño,IDAlergia)
values(152,4)
insert into Niño_Alergia(IDNiño,IDAlergia)
values(160,2)
insert into Niño_Alergia(IDNiño,IDAlergia)
values(150,8)
insert into Niño_Alergia(IDNiño,IDAlergia)
values(139,6)
insert into Niño_Alergia(IDNiño,IDAlergia)
values(145,13)

select * from Niño_Alergia

----------------------------LLENANDO LA TABLA ALIMENTO-------------------------------
--select * from Alimento
--select * from TipoComida order by ID

------------------------------COMIDAS
insert into Alimento(Nombre,TipoComida_ID,Grasas,Calorias,Carbohidratos,Proteinas)
values('Tacos de asada',1,53.04,48.62,15.36,10.86)
insert into Alimento(Nombre,TipoComida_ID,Grasas,Calorias,Carbohidratos,Proteinas)
values('Bistec',1,10.57,45.63,23.24,45.93)
insert into Alimento(Nombre,TipoComida_ID,Grasas,Calorias,Carbohidratos,Proteinas)
values('Albondigas de camaron',1,48.36,76.03,10.00,50.65)
insert into Alimento(Nombre,TipoComida_ID,Grasas,Calorias,Carbohidratos,Proteinas)
values('Albondigas de carne',1,78.36,25.00,13.48,13.68)
insert into Alimento(Nombre,TipoComida_ID,Grasas,Calorias,Carbohidratos,Proteinas)
values('Caldo de pollo',1,45.39,20.00,23.64,48.05)
insert into Alimento(Nombre,TipoComida_ID,Grasas,Calorias,Carbohidratos,Proteinas)
values('Espaguetti',1,42.36,78.02,93.06,45.10)
insert into Alimento(Nombre,TipoComida_ID,Grasas,Calorias,Carbohidratos,Proteinas)
values('Frijol con hueso',1,10.78,96.32,78.05,96.36)
insert into Alimento(Nombre,TipoComida_ID,Grasas,Calorias,Carbohidratos,Proteinas)
values('Caldo de pescado',1,45.39,20.00,23.64,83.05)
insert into Alimento(Nombre,TipoComida_ID,Grasas,Calorias,Carbohidratos,Proteinas)
values('Chop suey',1,78.36,20.36,10.15,63.49)
insert into Alimento(Nombre,TipoComida_ID,Grasas,Calorias,Carbohidratos,Proteinas)
values('Cazuela',1,63.20,12.48,46.00,12.13)
insert into Alimento(Nombre,TipoComida_ID,Grasas,Calorias,Carbohidratos,Proteinas)
values('Caldo con costilla',1,45.36,45.63,12.36,25.36)
insert into Alimento(Nombre,TipoComida_ID,Grasas,Calorias,Carbohidratos,Proteinas)
values('Frijoles charros',1,22.00,15.34,47.13,19.28)
insert into Alimento(Nombre,TipoComida_ID,Grasas,Calorias,Carbohidratos,Proteinas)
values('Sopa de fideo',1,12.36,15.36,14.36,12.36)
insert into Alimento(Nombre,TipoComida_ID,Grasas,Calorias,Carbohidratos,Proteinas)
values('Mole',1,45.36,12.30,11.25,32.65)
insert into Alimento(Nombre,TipoComida_ID,Grasas,Calorias,Carbohidratos,Proteinas)
values('Salpicon',1,45.36,83.62,10.36,12.36)
insert into Alimento(Nombre,TipoComida_ID,Grasas,Calorias,Carbohidratos,Proteinas)
values('Tacos de camaron',1,10.23,15.63,14.36,12.07)
insert into Alimento(Nombre,TipoComida_ID,Grasas,Calorias,Carbohidratos,Proteinas)
values('Torta de cochinita',1,18.24,23.08,18.13,10.36)
insert into Alimento(Nombre,TipoComida_ID,Grasas,Calorias,Carbohidratos,Proteinas)
values('Tostadas de carne',1,20.36,30.73,25.36,46.25)
insert into Alimento(Nombre,TipoComida_ID,Grasas,Calorias,Carbohidratos,Proteinas)
values('Hamburguesa de pollo',1,35.23,12.50,32.06,14.25)
insert into Alimento(Nombre,TipoComida_ID,Grasas,Calorias,Carbohidratos,Proteinas)
values('Tacos dorados',1,40.35,12.36,13.65,12.00)

------------------------------BEBIDAS
insert into Alimento(Nombre,TipoComida_ID,Grasas,Calorias,Carbohidratos,Proteinas)
values('Limonada',2,10.26,11.02,13.06,08.12)
insert into Alimento(Nombre,TipoComida_ID,Grasas,Calorias,Carbohidratos,Proteinas)
values('Agua de jamaica',2,17.24,15.03,17.06,05.23)
insert into Alimento(Nombre,TipoComida_ID,Grasas,Calorias,Carbohidratos,Proteinas)
values('Naranjada',2,04.36,15.36,17.36,26.30)
insert into Alimento(Nombre,TipoComida_ID,Grasas,Calorias,Carbohidratos,Proteinas)
values('Agua de horchata',2,14.36,20.36,10.36,16.00)
insert into Alimento(Nombre,TipoComida_ID,Grasas,Calorias,Carbohidratos,Proteinas)
values('Agua de cebada',2,10.02,14.36,16.30,15.03)
insert into Alimento(Nombre,TipoComida_ID,Grasas,Calorias,Carbohidratos,Proteinas)
values('Agua de fresa',2,15.36,20.36,14.36,15.36)
insert into Alimento(Nombre,TipoComida_ID,Grasas,Calorias,Carbohidratos,Proteinas)
values('Agua de fresa con naranja',2,12.36,10.36,16.05,10.36)
insert into Alimento(Nombre,TipoComida_ID,Grasas,Calorias,Carbohidratos,Proteinas)
values('Agua de piña',2,15.36,14.36,16.10,15.36)
insert into Alimento(Nombre,TipoComida_ID,Grasas,Calorias,Carbohidratos,Proteinas)
values('Agua de pepino',2,15.36,15.12,13.06,04.58)
insert into Alimento(Nombre,TipoComida_ID,Grasas,Calorias,Carbohidratos,Proteinas)
values('Agua de mango',2,12.36,14.05,12.03,15.00)
insert into Alimento(Nombre,TipoComida_ID,Grasas,Calorias,Carbohidratos,Proteinas)
values('Agua de tamarindo',2,15.03,14.10,16.05,02.15)
insert into Alimento(Nombre,TipoComida_ID,Grasas,Calorias,Carbohidratos,Proteinas)
values('Agua de guayaba',2,15.03,14.10,16.05,02.15)

------------------------------POSTRES
insert into Alimento(Nombre,TipoComida_ID,Grasas,Calorias,Carbohidratos,Proteinas)
values('Pastel de limon',3,15.06,14.06,10.25,14.03)
insert into Alimento(Nombre,TipoComida_ID,Grasas,Calorias,Carbohidratos,Proteinas)
values('Cheesecake',3,15.01,25.03,10.48,44.36)
insert into Alimento(Nombre,TipoComida_ID,Grasas,Calorias,Carbohidratos,Proteinas)
values('Pastel de chocolate',3,45.05,48.13,56.35,43.36)
insert into Alimento(Nombre,TipoComida_ID,Grasas,Calorias,Carbohidratos,Proteinas)
values('Pastel de tres leches',3,15.36,36.14,36.14,13.60)
insert into Alimento(Nombre,TipoComida_ID,Grasas,Calorias,Carbohidratos,Proteinas)
values('Cupcake de vainilla',3,05.36,42.08,36.55,15.36)
insert into Alimento(Nombre,TipoComida_ID,Grasas,Calorias,Carbohidratos,Proteinas)
values('Cupcake de chocolate',3,14.06,13.54,26.36,77.32)
insert into Alimento(Nombre,TipoComida_ID,Grasas,Calorias,Carbohidratos,Proteinas)
values('Gelatina de mosaico',3,48.00,23.66,24.05,34.08)
insert into Alimento(Nombre,TipoComida_ID,Grasas,Calorias,Carbohidratos,Proteinas)
values('Flan',3,15.03,14.10,16.05,02.15)
insert into Alimento(Nombre,TipoComida_ID,Grasas,Calorias,Carbohidratos,Proteinas)
values('Chocoflan',3,10.57,45.63,23.24,45.93)
insert into Alimento(Nombre,TipoComida_ID,Grasas,Calorias,Carbohidratos,Proteinas)
values('Pay de guayaba',3,86.34,14.05,36.14,04.39)
insert into Alimento(Nombre,TipoComida_ID,Grasas,Calorias,Carbohidratos,Proteinas)
values('Gelatina con bombon',3,12.36,17.36,16.05,56.36)
insert into Alimento(Nombre,TipoComida_ID,Grasas,Calorias,Carbohidratos,Proteinas)
values('Gelatina de durazno',3,34.03,45.04,36.95,23.12)
insert into Alimento(Nombre,TipoComida_ID,Grasas,Calorias,Carbohidratos,Proteinas)
values('Galletas con chispitas',3,12.06,14.36,17.36,14.05)

select * from Alimento

----------------------------LLENANDO LA TABLA INGREDIENTE-------------------------------
--select * from Ingrediente
insert into Ingrediente(Nombre,[Fecha Caducidad])
values('Tortilla','10/30/2018')
insert into Ingrediente(Nombre,[Fecha Caducidad])
values('Carne diezmillo','10/30/2018') ---ASADA
insert into Ingrediente(Nombre,[Fecha Caducidad])
values('Tomate','10/30/2018')
insert into Ingrediente(Nombre,[Fecha Caducidad])
values('Lechuga','10/30/2018')
insert into Ingrediente(Nombre,[Fecha Caducidad])
values('Limon','10/30/2018')
insert into Ingrediente(Nombre,[Fecha Caducidad])
values('Carne pulpa bola','10/30/2018') --BISTEC
insert into Ingrediente(Nombre,[Fecha Caducidad])
values('Papa','10/30/2018')
insert into Ingrediente(Nombre,[Fecha Caducidad])
values('Cebolla','10/30/2018')
insert into Ingrediente(Nombre,[Fecha Caducidad])
values('Chile serrano','10/30/2018')
insert into Ingrediente(Nombre,[Fecha Caducidad])
values('Carne molida','10/30/2018')
insert into Ingrediente(Nombre,[Fecha Caducidad])
values('Zanahoria','10/30/2018')
insert into Ingrediente(Nombre,[Fecha Caducidad])
values('Calabaza','10/30/2018')
insert into Ingrediente(Nombre,[Fecha Caducidad])
values('Huevo','10/30/2018')
insert into Ingrediente(Nombre,[Fecha Caducidad])
values('Maseca','10/30/2018')
insert into Ingrediente(Nombre,[Fecha Caducidad])
values('Pollo','10/30/2018')
insert into Ingrediente(Nombre,[Fecha Caducidad])
values('Arroz','10/30/2018')
insert into Ingrediente(Nombre,[Fecha Caducidad])
values('Apio','10/30/2018')
insert into Ingrediente(Nombre,[Fecha Caducidad])
values('Pasta para espagueti','10/30/2018')
insert into Ingrediente(Nombre,[Fecha Caducidad])
values('Ajo','10/30/2018')
insert into Ingrediente(Nombre,[Fecha Caducidad])
values('Aceite de oliva','10/30/2018')
insert into Ingrediente(Nombre,[Fecha Caducidad])
values('Sal','10/30/2018')
insert into Ingrediente(Nombre,[Fecha Caducidad])
values('Champiñon','10/30/2018')
insert into Ingrediente(Nombre,[Fecha Caducidad])
values('Frijol','10/30/2018')
insert into Ingrediente(Nombre,[Fecha Caducidad])
values('Pimienta','10/30/2018')
insert into Ingrediente(Nombre,[Fecha Caducidad])
values('Carne de cola de res','10/30/2018') ---FRIJOL CON HUESO
insert into Ingrediente(Nombre,[Fecha Caducidad])
values('Pure','10/30/2018')
insert into Ingrediente(Nombre,[Fecha Caducidad])
values('Pezcado colorado','10/30/2018')
insert into Ingrediente(Nombre,[Fecha Caducidad])
values('Chile verde','10/30/2018')
insert into Ingrediente(Nombre,[Fecha Caducidad])
values('Guisante','10/30/2018')
insert into Ingrediente(Nombre,[Fecha Caducidad])
values('Ejote','10/30/2018')
insert into Ingrediente(Nombre,[Fecha Caducidad])
values('Salsa de soja','10/30/2018')
insert into Ingrediente(Nombre,[Fecha Caducidad])
values('Brocoli','10/30/2018')
insert into Ingrediente(Nombre,[Fecha Caducidad])
values('Frijolito chino','10/30/2018')
insert into Ingrediente(Nombre,[Fecha Caducidad])
values('Elote','10/30/2018')
insert into Ingrediente(Nombre,[Fecha Caducidad])
values('Carne de pullita','10/30/2018') --CAZUELA 
insert into Ingrediente(Nombre,[Fecha Caducidad])
values('Cilantro','10/30/2018')
insert into Ingrediente(Nombre,[Fecha Caducidad])
values('Carne de costilla','10/30/2018') --CALDO COSTILLA
insert into Ingrediente(Nombre,[Fecha Caducidad])
values('Jamon','10/30/2018')
insert into Ingrediente(Nombre,[Fecha Caducidad])
values('Tocino','10/30/2018')
insert into Ingrediente(Nombre,[Fecha Caducidad])
values('Salchicha','10/30/2018')
insert into Ingrediente(Nombre,[Fecha Caducidad])
values('Fideo','10/30/2018')
insert into Ingrediente(Nombre,[Fecha Caducidad])
values('Mole','10/30/2018')
insert into Ingrediente(Nombre,[Fecha Caducidad])
values('Carne falda de res','10/30/2018') --SALPICON
insert into Ingrediente(Nombre,[Fecha Caducidad])
values('Pepino','10/30/2018')
insert into Ingrediente(Nombre,[Fecha Caducidad])
values('Queso fresco','10/30/2018')
insert into Ingrediente(Nombre,[Fecha Caducidad])
values('Camaron','10/30/2018')
insert into Ingrediente(Nombre,[Fecha Caducidad])
values('Tostadas','10/30/2018')
insert into Ingrediente(Nombre,[Fecha Caducidad])
values('Gusano de res','10/30/2018') ---TOSTADAS DE CARNE
insert into Ingrediente(Nombre,[Fecha Caducidad])
values('Mayonesa','10/30/2018')
insert into Ingrediente(Nombre,[Fecha Caducidad])
values('Pan telera','10/30/2018')
insert into Ingrediente(Nombre,[Fecha Caducidad])
values('Carne cochinita','10/30/2018')
insert into Ingrediente(Nombre,[Fecha Caducidad])
values('Mantequilla','10/30/2018')
insert into Ingrediente(Nombre,[Fecha Caducidad])
values('Pan para hambuerguesa','10/30/2018')
insert into Ingrediente(Nombre,[Fecha Caducidad])
values('Pepinillo','10/30/2018')
insert into Ingrediente(Nombre,[Fecha Caducidad])
values('Tortilla para dorar','10/30/2018')
insert into Ingrediente(Nombre,[Fecha Caducidad])
values('Carne para cocer','10/30/2018')
insert into Ingrediente(Nombre,[Fecha Caducidad])
values('Azucar','10/30/2018')
insert into Ingrediente(Nombre,[Fecha Caducidad])
values('Agua','10/30/2018')
insert into Ingrediente(Nombre,[Fecha Caducidad])
values('Jamaica','10/30/2018')
insert into Ingrediente(Nombre,[Fecha Caducidad])
values('Leche evaporada','10/30/2018')
insert into Ingrediente(Nombre,[Fecha Caducidad])
values('Leche entera','10/30/2018')
insert into Ingrediente(Nombre,[Fecha Caducidad])
values('Leche condensada','10/30/2018')
insert into Ingrediente(Nombre,[Fecha Caducidad])
values('Canela','10/30/2018')
insert into Ingrediente(Nombre,[Fecha Caducidad])
values('Vainilla','10/30/2018')
insert into Ingrediente(Nombre,[Fecha Caducidad])
values('Horchata','10/30/2018')
insert into Ingrediente(Nombre,[Fecha Caducidad])
values('Cebada','10/30/2018')
insert into Ingrediente(Nombre,[Fecha Caducidad])
values('Fresa','10/30/2018')
insert into Ingrediente(Nombre,[Fecha Caducidad])
values('Naranja','10/30/2018')
insert into Ingrediente(Nombre,[Fecha Caducidad])
values('Piña','10/30/2018')
insert into Ingrediente(Nombre,[Fecha Caducidad])
values('Mango','10/30/2018')
insert into Ingrediente(Nombre,[Fecha Caducidad])
values('Tamarindo','10/30/2018')
insert into Ingrediente(Nombre,[Fecha Caducidad])
values('Galleta maria','10/30/2018')
insert into Ingrediente(Nombre,[Fecha Caducidad])
values('Queso filadelfia','10/30/2018')
insert into Ingrediente(Nombre,[Fecha Caducidad])
values('Crema ácida','10/30/2018')
insert into Ingrediente(Nombre,[Fecha Caducidad])
values('Mezcla de berries','10/30/2018')
insert into Ingrediente(Nombre,[Fecha Caducidad])
values('Harina','10/30/2018')
insert into Ingrediente(Nombre,[Fecha Caducidad])
values('Cocoa en polvo','10/30/2018')
insert into Ingrediente(Nombre,[Fecha Caducidad])
values('Polvo para hornear','10/30/2018')
insert into Ingrediente(Nombre,[Fecha Caducidad])
values('Azucar glass','10/30/2018')
insert into Ingrediente(Nombre,[Fecha Caducidad])
values('Sprinkles','10/30/2018')
insert into Ingrediente(Nombre,[Fecha Caducidad])
values('Gelatina de uva','10/30/2018')
insert into Ingrediente(Nombre,[Fecha Caducidad])
values('Gelatina de fresa','10/30/2018')
insert into Ingrediente(Nombre,[Fecha Caducidad])
values('Gelatina de piña','10/30/2018')
insert into Ingrediente(Nombre,[Fecha Caducidad])
values('Gelatina de limon','10/30/2018')
insert into Ingrediente(Nombre,[Fecha Caducidad])
values('Gelatina de durazno','10/30/2018')
insert into Ingrediente(Nombre,[Fecha Caducidad])
values('Grenetina','10/30/2018')
insert into Ingrediente(Nombre,[Fecha Caducidad])
values('Media crema','10/30/2018')
insert into Ingrediente(Nombre,[Fecha Caducidad])
values('Guayaba','10/30/2018')
insert into Ingrediente(Nombre,[Fecha Caducidad])
values('Bolsa de bombon','10/30/2018')
insert into Ingrediente(Nombre,[Fecha Caducidad])
values('Durazno','10/30/2018')
insert into Ingrediente(Nombre,[Fecha Caducidad])
values('Chispas de chocolate','10/30/2018')
insert into Ingrediente(Nombre,[Fecha Caducidad])
values('Azúcar mascabado','10/30/2018')

select * from Ingrediente